feature,mean,std,min,median,max,n_unique,corr_with_label
ContentComplexityScore,-0.169444,0.4652,-0.7762057594447153,0.0,0.9009694709504106,766,0.896079
FormDangerIndex,0.523856,0.701222,0.0,0.0,3.0,4,0.459812
TrustBadgeScore,-0.141757,0.471346,-0.6666666666666666,0.0,0.6666666666666666,5,0.830086
RedirectActivity,0.172978,0.471875,0.0,0.0,2.0,3,-0.062884
ExternalRefDensity,1.127539,8.424329,-0.6160233154724953,5.2319531086003623e-17,164.54109725797196,23088,0.096848
TLD_is_gov_edu,0.014445,0.119318,0.0,0.0,1.0,2,0.104166
SubdomainRatio,0.17274,1.003515,-1.8750000000000002,0.0,4.046052631578947,234,0.244172
