model,track,accuracy,precision,recall,f1,roc_auc,cv_mean_roc_auc,cv_std_roc_auc,training_time_s
Logistic Regression,A,0.999958,0.999958,0.999958,0.999958,1.0,0.999999,2e-06,2.311
Random Forest,A,1.0,1.0,1.0,1.0,1.0,1.0,0.0,20.486
XGBoost,A,0.999958,0.999958,0.999958,0.999958,1.0,1.0,0.0,4.474
LightGBM,A,1.0,1.0,1.0,1.0,1.0,1.0,0.0,2.774
Logistic Regression,B,0.999936,0.999936,0.999936,0.999936,1.0,0.999993,7e-06,2.891
Random Forest,B,0.999851,0.999851,0.999851,0.999851,1.0,0.999999,1e-06,29.625
XGBoost,B,0.999894,0.999894,0.999894,0.999894,1.0,0.999999,2e-06,7.949
LightGBM,B,0.999936,0.999936,0.999936,0.999936,1.0,1.0,0.0,4.214
