agree_bin,n,mean_agree,error_rate,mean_confidence,mean_severity
0.0-0.2,23,0.0,0.13043478260869565,0.9731522608695652,0.35174752173913043
